{
  "cv_accuracy_mean": 0.9993000000000001,
  "cv_accuracy_std": 0.0006782329983125372,
  "cv_f1_macro_mean": 0.9993090495046941,
  "cv_f1_macro_std": 0.0006700838889033222,
  "cv_accuracy_folds": [
    0.9995,
    1.0,
    0.998,
    0.9995,
    0.9995
  ],
  "cv_f1_macro_folds": [
    0.999506249693538,
    1.0,
    0.9980244567883277,
    0.9995072705208023,
    0.9995072705208023
  ]
}